freq_mhz,canal,mediana,pct_ocupado
840.0,A,-57.323,67.213
840.02,A,-57.861,55.738
840.039,A,-61.037,49.18
840.059,A,-62.658,40.984
840.078,A,-63.31,36.066
840.098,A,-63.927,37.705
840.117,A,-64.06,37.705
840.137,A,-64.426,34.426
840.156,A,-66.414,31.148
840.176,A,-66.74,29.508
840.195,A,-66.827,31.148
840.215,A,-66.998,26.23
840.234,A,-67.899,27.869
840.254,A,-68.029,22.951
840.273,A,-67.6,22.951
840.293,A,-68.251,24.59
840.312,A,-68.954,21.311
840.332,A,-68.848,21.311
840.352,A,-69.578,18.033
840.371,A,-68.551,18.033
840.391,A,-69.644,19.672
840.41,A,-71.062,19.672
840.43,A,-70.146,18.033
840.449,A,-71.161,16.393
840.469,A,-70.826,16.393
840.488,A,-70.42,18.033
840.508,A,-69.331,19.672
840.527,A,-69.796,16.393
840.547,A,-70.057,16.393
840.566,A,-69.753,16.393
840.586,A,-70.072,18.033
840.605,A,-72.279,18.033
840.625,A,-71.442,18.033
840.645,A,-70.824,18.033
840.664,A,-70.435,16.393
840.684,A,-70.059,16.393
840.703,A,-69.482,16.393
840.723,A,-69.405,18.033
840.742,A,-70.697,14.754
840.762,A,-70.764,16.393
840.781,A,-69.536,18.033
840.801,A,-69.788,19.672
840.82,A,-69.311,19.672
840.84,A,-70.821,18.033
840.859,A,-71.399,19.672
840.879,A,-70.325,18.033
840.898,A,-69.875,21.311
840.918,A,-71.19,19.672
840.938,A,-71.967,19.672
840.957,A,-72.16,19.672
840.977,A,-69.658,19.672
840.996,A,-70.704,19.672
841.016,A,-72.044,21.311
841.035,A,-70.482,19.672
841.055,A,-70.337,19.672
841.074,A,-70.311,19.672
841.094,A,-72.012,19.672
841.113,A,-71.179,22.951
841.133,A,-70.92,19.672
841.152,A,-70.433,16.393
841.172,A,-70.736,19.672
841.191,A,-70.619,21.311
841.211,A,-71.769,18.033
841.23,A,-70.527,19.672
841.25,A,-70.204,16.393
841.27,A,-71.803,16.393
841.289,A,-72.181,19.672
841.309,A,-70.513,18.033
841.328,A,-70.43,18.033
841.348,A,-70.078,18.033
841.367,A,-72.552,16.393
841.387,A,-71.692,18.033
841.406,A,-69.842,19.672
841.426,A,-69.752,19.672
841.445,A,-69.684,18.033
841.465,A,-69.013,16.393
841.484,A,-70.483,19.672
841.504,A,-70.597,16.393
841.523,A,-71.71,18.033
841.543,A,-71.354,18.033
841.562,A,-69.78,19.672
841.582,A,-70.199,19.672
841.602,A,-70.252,21.311
841.621,A,-70.421,19.672
841.641,A,-71.417,19.672
841.66,A,-70.409,18.033
841.68,A,-70.9,19.672
841.699,A,-71.315,18.033
841.719,A,-70.898,18.033
841.738,A,-70.676,18.033
841.758,A,-71.074,19.672
841.777,A,-70.744,22.951
841.797,A,-69.778,22.951
841.816,A,-69.249,21.311
841.836,A,-69.858,18.033
841.855,A,-70.083,18.033
841.875,A,-70.09,18.033
841.895,A,-70.221,16.393
841.914,A,-70.552,16.393
841.934,A,-70.013,16.393
841.953,A,-70.065,18.033
841.973,A,-70.312,18.033
841.992,A,-69.681,18.033
842.012,A,-69.949,18.033
842.031,A,-71.494,14.754
842.051,A,-72.32,14.754
842.07,A,-71.022,18.033
842.09,A,-69.866,19.672
842.109,A,-69.679,19.672
842.129,A,-71.97,18.033
842.148,A,-71.166,19.672
842.168,A,-71.133,21.311
842.188,A,-69.808,18.033
842.207,A,-69.445,19.672
842.227,A,-70.847,19.672
842.246,A,-71.808,19.672
842.266,A,-70.29,22.951
842.285,A,-69.451,22.951
842.305,A,-70.567,24.59
842.324,A,-70.439,21.311
842.344,A,-69.395,22.951
842.363,A,-69.62,22.951
842.383,A,-71.354,22.951
842.402,A,-71.906,22.951
842.422,A,-70.533,18.033
842.441,A,-71.342,18.033
842.461,A,-72.404,19.672
842.48,A,-72.129,19.672
842.5,A,-71.101,18.033
842.52,A,-70.556,18.033
842.539,A,-69.343,18.033
842.559,A,-70.319,18.033
842.578,A,-71.198,19.672
842.598,A,-70.592,22.951
842.617,A,-70.56,22.951
842.637,A,-70.336,21.311
842.656,A,-70.614,22.951
842.676,A,-70.704,22.951
842.695,A,-70.884,22.951
842.715,A,-70.027,19.672
842.734,A,-71.793,19.672
842.754,A,-69.987,19.672
842.773,A,-70.257,19.672
842.793,A,-69.777,21.311
842.812,A,-71.321,19.672
842.832,A,-72.481,21.311
842.852,A,-71.489,21.311
842.871,A,-70.434,22.951
842.891,A,-69.351,21.311
842.91,A,-70.273,21.311
842.93,A,-71.294,21.311
842.949,A,-70.913,18.033
842.969,A,-69.831,21.311
842.988,A,-70.418,22.951
843.008,A,-70.704,19.672
843.027,A,-70.31,19.672
843.047,A,-69.76,18.033
843.066,A,-70.072,21.311
843.086,A,-70.121,24.59
843.105,A,-69.765,24.59
843.125,A,-69.646,19.672
843.145,A,-69.528,19.672
843.164,A,-69.796,21.311
843.184,A,-69.845,24.59
843.203,A,-69.966,24.59
843.223,A,-71.521,18.033
843.242,A,-70.131,18.033
843.262,A,-70.8,19.672
843.281,A,-70.52,21.311
843.301,A,-69.775,21.311
843.32,A,-70.202,21.311
843.34,A,-71.558,21.311
843.359,A,-71.967,16.393
843.379,A,-69.981,19.672
843.398,A,-70.386,21.311
843.418,A,-70.972,19.672
843.438,A,-70.556,19.672
843.457,A,-72.199,19.672
843.477,A,-71.293,21.311
843.496,A,-70.069,21.311
843.516,A,-70.959,19.672
843.535,A,-69.919,19.672
843.555,A,-69.837,21.311
843.574,A,-70.84,21.311
843.594,A,-71.791,21.311
843.613,A,-72.592,19.672
843.633,A,-69.745,21.311
843.652,A,-69.062,19.672
843.672,A,-70.046,19.672
843.691,A,-69.346,21.311
843.711,A,-69.174,18.033
843.73,A,-69.84,16.393
843.75,A,-69.448,18.033
843.77,A,-68.845,19.672
843.789,A,-68.674,18.033
843.809,A,-68.825,16.393
843.828,A,-68.014,14.754
843.848,A,-68.631,16.393
843.867,A,-70.055,21.311
843.887,A,-70.473,19.672
843.906,A,-70.187,19.672
843.926,A,-69.735,18.033
843.945,A,-69.146,19.672
843.965,A,-68.32,19.672
843.984,A,-68.486,19.672
844.004,A,-68.858,19.672
844.023,A,-69.387,22.951
844.043,A,-70.008,21.311
844.062,A,-70.068,26.23
844.082,A,-69.585,22.951
844.102,A,-69.718,21.311
844.121,A,-70.772,24.59
844.141,A,-69.676,26.23
844.16,A,-68.234,26.23
844.18,A,-68.731,26.23
844.199,A,-69.596,24.59
844.219,A,-68.794,26.23
844.238,A,-68.764,26.23
844.258,A,-70.284,29.508
844.277,A,-71.211,29.508
844.297,A,-72.479,27.869
844.316,A,-71.463,26.23
844.336,A,-69.758,24.59
844.355,A,-70.876,24.59
844.375,A,-70.321,21.311
844.395,A,-70.564,18.033
844.414,A,-71.289,19.672
844.434,A,-70.359,21.311
844.453,A,-69.066,21.311
844.473,A,-69.679,22.951
844.492,A,-69.309,21.311
844.512,A,-69.013,21.311
844.531,A,-70.025,21.311
844.551,A,-70.954,24.59
844.57,A,-69.403,24.59
844.59,A,-69.536,22.951
844.609,A,-70.073,22.951
844.629,A,-70.142,22.951
844.648,A,-71.14,24.59
844.668,A,-69.387,24.59
844.688,A,-68.52,22.951
844.707,A,-67.43,21.311
844.727,A,-68.001,21.311
844.746,A,-67.536,26.23
844.766,A,-68.965,22.951
844.785,A,-69.279,24.59
844.805,A,-69.589,22.951
844.824,A,-70.267,24.59
844.844,A,-68.985,24.59
844.863,A,-69.581,27.869
844.883,A,-69.041,27.869
844.902,A,-69.385,22.951
844.922,A,-70.028,24.59
844.941,A,-68.208,22.951
844.961,A,-68.58,24.59
844.98,A,-69.586,24.59
845.0,B,-69.425,22.951
845.02,B,-69.215,21.311
845.039,B,-69.054,22.951
845.059,B,-70.071,24.59
845.078,B,-70.611,24.59
845.098,B,-69.999,22.951
845.117,B,-69.589,22.951
845.137,B,-68.72,22.951
845.156,B,-69.245,24.59
845.176,B,-70.093,22.951
845.195,B,-69.318,19.672
845.215,B,-68.047,19.672
845.234,B,-68.535,19.672
845.254,B,-68.911,22.951
845.273,B,-67.576,24.59
845.293,B,-68.46,21.311
845.312,B,-68.409,21.311
845.332,B,-70.143,21.311
845.352,B,-71.333,22.951
845.371,B,-70.017,22.951
845.391,B,-69.875,19.672
845.41,B,-69.605,22.951
845.43,B,-69.895,22.951
845.449,B,-70.639,24.59
845.469,B,-69.489,24.59
845.488,B,-68.274,22.951
845.508,B,-68.519,22.951
845.527,B,-68.841,22.951
845.547,B,-69.423,24.59
845.566,B,-69.649,26.23
845.586,B,-70.212,27.869
845.605,B,-70.893,26.23
845.625,B,-69.613,26.23
845.645,B,-70.229,29.508
845.664,B,-69.815,26.23
845.684,B,-69.595,27.869
845.703,B,-70.076,24.59
845.723,B,-70.692,21.311
845.742,B,-70.213,22.951
845.762,B,-69.455,22.951
845.781,B,-69.603,21.311
845.801,B,-68.488,19.672
845.82,B,-68.626,21.311
845.84,B,-71.948,22.951
845.859,B,-72.502,22.951
845.879,B,-71.519,22.951
845.898,B,-69.054,19.672
845.918,B,-69.475,21.311
845.938,B,-69.963,22.951
845.957,B,-70.415,24.59
845.977,B,-70.612,26.23
845.996,B,-70.798,24.59
846.016,B,-69.724,24.59
846.035,B,-68.651,26.23
846.055,B,-67.615,24.59
846.074,B,-67.994,24.59
846.094,B,-68.913,24.59
846.113,B,-70.348,27.869
846.133,B,-69.829,29.508
846.152,B,-69.791,29.508
846.172,B,-69.209,27.869
846.191,B,-69.927,24.59
846.211,B,-69.859,26.23
846.23,B,-68.503,27.869
846.25,B,-70.099,26.23
846.27,B,-68.968,24.59
846.289,B,-68.959,24.59
846.309,B,-69.725,24.59
846.328,B,-69.312,24.59
846.348,B,-70.766,24.59
846.367,B,-69.986,24.59
846.387,B,-69.405,22.951
846.406,B,-68.839,22.951
846.426,B,-68.977,24.59
846.445,B,-68.917,22.951
846.465,B,-69.073,22.951
846.484,B,-69.807,22.951
846.504,B,-69.951,22.951
846.523,B,-68.339,26.23
846.543,B,-67.969,26.23
846.562,B,-67.527,27.869
846.582,B,-68.071,26.23
846.602,B,-68.326,27.869
846.621,B,-69.906,27.869
846.641,B,-69.973,27.869
846.66,B,-68.201,31.148
846.68,B,-68.06,29.508
846.699,B,-68.87,29.508
846.719,B,-68.991,29.508
846.738,B,-67.537,31.148
846.758,B,-68.352,29.508
846.777,B,-68.492,27.869
846.797,B,-68.77,27.869
846.816,B,-69.348,27.869
846.836,B,-70.022,29.508
846.855,B,-70.477,29.508
846.875,B,-69.865,31.148
846.895,B,-69.959,27.869
846.914,B,-69.145,27.869
846.934,B,-68.093,29.508
846.953,B,-68.847,29.508
846.973,B,-69.657,29.508
846.992,B,-68.607,29.508
847.012,B,-68.915,27.869
847.031,B,-69.257,27.869
847.051,B,-68.988,27.869
847.07,B,-68.79,27.869
847.09,B,-68.236,26.23
847.109,B,-67.608,26.23
847.129,B,-67.806,26.23
847.148,B,-69.262,27.869
847.168,B,-69.228,27.869
847.188,B,-68.664,26.23
847.207,B,-68.362,24.59
847.227,B,-68.901,26.23
847.246,B,-68.031,31.148
847.266,B,-68.237,31.148
847.285,B,-68.048,29.508
847.305,B,-69.265,27.869
847.324,B,-67.899,29.508
847.344,B,-67.461,29.508
847.363,B,-68.088,29.508
847.383,B,-69.673,27.869
847.402,B,-69.423,26.23
847.422,B,-69.386,27.869
847.441,B,-69.47,29.508
847.461,B,-69.082,29.508
847.48,B,-68.551,27.869
847.5,B,-68.308,27.869
847.52,B,-68.478,29.508
847.539,B,-67.496,27.869
847.559,B,-66.831,27.869
847.578,B,-68.216,29.508
847.598,B,-67.939,29.508
847.617,B,-67.915,31.148
847.637,B,-68.587,31.148
847.656,B,-69.095,31.148
847.676,B,-68.247,29.508
847.695,B,-68.419,31.148
847.715,B,-68.421,31.148
847.734,B,-68.193,31.148
847.754,B,-68.063,29.508
847.773,B,-68.574,26.23
847.793,B,-67.316,27.869
847.812,B,-66.492,27.869
847.832,B,-65.671,27.869
847.852,B,-66.12,29.508
847.871,B,-66.333,29.508
847.891,B,-66.732,27.869
847.91,B,-67.444,29.508
847.93,B,-66.854,31.148
847.949,B,-66.897,31.148
847.969,B,-66.351,31.148
847.988,B,-65.942,29.508
848.008,B,-66.542,29.508
848.027,B,-67.849,29.508
848.047,B,-69.213,31.148
848.066,B,-68.045,31.148
848.086,B,-67.441,26.23
848.105,B,-66.402,27.869
848.125,B,-67.046,31.148
848.145,B,-66.866,27.869
848.164,B,-67.791,26.23
848.184,B,-67.972,24.59
848.203,B,-67.923,29.508
848.223,B,-68.031,29.508
848.242,B,-68.038,27.869
848.262,B,-68.876,27.869
848.281,B,-68.192,27.869
848.301,B,-68.517,27.869
848.32,B,-67.657,27.869
848.34,B,-67.397,27.869
848.359,B,-66.325,27.869
848.379,B,-66.102,26.23
848.398,B,-65.756,26.23
848.418,B,-66.013,26.23
848.438,B,-66.181,24.59
848.457,B,-67.197,24.59
848.477,B,-67.315,24.59
848.496,B,-67.023,24.59
848.516,B,-67.625,26.23
848.535,B,-67.354,27.869
848.555,B,-67.674,29.508
848.574,B,-66.741,27.869
848.594,B,-67.058,29.508
848.613,B,-67.144,29.508
848.633,B,-66.583,27.869
848.652,B,-65.877,29.508
848.672,B,-67.092,31.148
848.691,B,-67.824,29.508
848.711,B,-68.608,29.508
848.73,B,-68.489,31.148
848.75,B,-67.457,31.148
848.77,B,-67.228,24.59
848.789,B,-67.041,24.59
848.809,B,-67.677,27.869
848.828,B,-67.479,27.869
848.848,B,-68.399,26.23
848.867,B,-69.474,24.59
848.887,B,-68.447,27.869
848.906,B,-67.68,26.23
848.926,B,-66.895,26.23
848.945,B,-66.234,26.23
848.965,B,-67.384,26.23
848.984,B,-67.241,22.951
849.004,B,-67.314,27.869
849.023,B,-66.715,26.23
849.043,B,-66.306,26.23
849.062,B,-67.222,26.23
849.082,B,-67.514,29.508
849.102,B,-66.922,31.148
849.121,B,-66.834,29.508
849.141,B,-67.053,31.148
849.16,B,-66.419,31.148
849.18,B,-65.382,31.148
849.199,B,-65.989,32.787
849.219,B,-66.895,32.787
849.238,B,-66.084,29.508
849.258,B,-66.832,32.787
849.277,B,-66.77,29.508
849.297,B,-66.455,31.148
849.316,B,-66.208,29.508
849.336,B,-65.78,32.787
849.355,B,-66.433,34.426
849.375,B,-65.396,31.148
849.395,B,-65.722,27.869
849.414,B,-65.748,29.508
849.434,B,-66.599,27.869
849.453,B,-64.9,29.508
849.473,B,-66.067,26.23
849.492,B,-67.603,31.148
849.512,B,-65.904,31.148
849.531,B,-66.68,32.787
849.551,B,-66.973,31.148
849.57,B,-66.878,32.787
849.59,B,-66.346,34.426
849.609,B,-65.007,37.705
849.629,B,-64.599,37.705
849.648,B,-65.226,34.426
849.668,B,-64.208,31.148
849.688,B,-62.906,36.066
849.707,B,-62.415,39.344
849.727,B,-62.716,39.344
849.746,B,-64.404,42.623
849.766,B,-64.181,44.262
849.785,B,-62.756,42.623
849.805,B,-62.61,44.262
849.824,B,-60.494,45.902
849.844,B,-60.187,47.541
849.863,B,-60.355,45.902
849.883,B,-60.19,49.18
849.902,B,-60.136,49.18
849.922,B,-59.991,50.82
849.941,B,-59.671,54.098
849.961,B,-59.288,54.098
849.98,B,-58.608,54.098
850.0,C,-57.928,54.098
850.02,C,-58.034,55.738
850.039,C,-58.317,55.738
850.059,C,-58.259,57.377
850.078,C,-58.275,57.377
850.098,C,-58.626,55.738
850.117,C,-59.952,50.82
850.137,C,-59.508,52.459
850.156,C,-60.835,49.18
850.176,C,-60.706,47.541
850.195,C,-60.394,45.902
850.215,C,-61.111,45.902
850.234,C,-60.26,47.541
850.254,C,-60.403,49.18
850.273,C,-61.651,47.541
850.293,C,-61.502,40.984
850.312,C,-61.477,44.262
850.332,C,-63.037,42.623
850.352,C,-62.532,40.984
850.371,C,-63.025,36.066
850.391,C,-62.707,40.984
850.41,C,-63.055,40.984
850.43,C,-62.782,44.262
850.449,C,-61.951,40.984
850.469,C,-61.396,44.262
850.488,C,-61.854,47.541
850.508,C,-61.221,45.902
850.527,C,-60.931,47.541
850.547,C,-61.359,47.541
850.566,C,-60.457,49.18
850.586,C,-60.809,45.902
850.605,C,-61.64,45.902
850.625,C,-61.91,44.262
850.645,C,-62.21,44.262
850.664,C,-60.09,49.18
850.684,C,-60.189,47.541
850.703,C,-61.443,44.262
850.723,C,-61.024,40.984
850.742,C,-59.299,50.82
850.762,C,-61.246,45.902
850.781,C,-59.173,52.459
850.801,C,-58.606,55.738
850.82,C,-59.038,54.098
850.84,C,-58.315,57.377
850.859,C,-57.327,55.738
850.879,C,-58.494,50.82
850.898,C,-59.047,52.459
850.918,C,-58.375,57.377
850.938,C,-57.65,57.377
850.957,C,-57.505,55.738
850.977,C,-57.783,55.738
850.996,C,-54.417,63.934
851.016,C,-52.922,68.852
851.035,C,-52.892,63.934
851.055,C,-52.634,63.934
851.074,C,-52.873,63.934
851.094,C,-52.389,77.049
851.113,C,-50.041,81.967
851.133,C,-51.062,78.689
851.152,C,-49.503,81.967
851.172,C,-48.6,77.049
851.191,C,-48.774,80.328
851.211,C,-47.277,80.328
851.23,C,-48.294,80.328
851.25,C,-47.16,81.967
851.27,C,-45.442,78.689
851.289,C,-45.122,80.328
851.309,C,-47.888,75.41
851.328,C,-48.816,77.049
851.348,C,-49.36,77.049
851.367,C,-47.867,78.689
851.387,C,-47.508,80.328
851.406,C,-47.203,77.049
851.426,C,-49.448,78.689
851.445,C,-50.812,78.689
851.465,C,-49.165,70.492
851.484,C,-49.387,67.213
851.504,C,-49.601,70.492
851.523,C,-52.325,75.41
851.543,C,-49.727,78.689
851.562,C,-49.327,77.049
851.582,C,-49.498,80.328
851.602,C,-49.436,77.049
851.621,C,-48.274,73.77
851.641,C,-48.174,80.328
851.66,C,-49.956,75.41
851.68,C,-49.029,75.41
851.699,C,-49.762,73.77
851.719,C,-50.626,73.77
851.738,C,-50.822,72.131
851.758,C,-50.667,73.77
851.777,C,-51.812,67.213
851.797,C,-49.818,70.492
851.816,C,-49.629,73.77
851.836,C,-49.986,73.77
851.855,C,-49.174,72.131
851.875,C,-48.632,75.41
851.895,C,-48.772,73.77
851.914,C,-46.901,75.41
851.934,C,-48.058,78.689
851.953,C,-47.782,80.328
851.973,C,-46.973,77.049
851.992,C,-47.717,78.689
852.012,C,-48.494,67.213
852.031,C,-49.031,67.213
852.051,C,-49.336,70.492
852.07,C,-50.062,65.574
852.09,C,-48.387,67.213
852.109,C,-46.731,68.852
852.129,C,-45.928,70.492
852.148,C,-47.999,70.492
852.168,C,-49.176,73.77
852.188,C,-47.583,73.77
852.207,C,-45.806,75.41
852.227,C,-45.92,75.41
852.246,C,-47.948,77.049
852.266,C,-48.479,75.41
852.285,C,-48.154,75.41
852.305,C,-45.016,80.328
852.324,C,-46.971,80.328
852.344,C,-47.588,72.131
852.363,C,-46.939,72.131
852.383,C,-45.787,78.689
852.402,C,-45.823,80.328
852.422,C,-45.422,78.689
852.441,C,-45.165,72.131
852.461,C,-47.503,70.492
852.48,C,-48.213,67.213
852.5,C,-48.607,70.492
852.52,C,-46.695,73.77
852.539,C,-45.242,73.77
852.559,C,-46.088,77.049
852.578,C,-46.568,73.77
852.598,C,-46.879,67.213
852.617,C,-47.907,65.574
852.637,C,-48.449,67.213
852.656,C,-47.851,78.689
852.676,C,-49.032,75.41
852.695,C,-48.974,67.213
852.715,C,-48.49,75.41
852.734,C,-48.24,78.689
852.754,C,-47.6,81.967
852.773,C,-47.169,80.328
852.793,C,-46.443,77.049
852.812,C,-48.781,77.049
852.832,C,-48.101,72.131
852.852,C,-46.948,72.131
852.871,C,-50.158,77.049
852.891,C,-49.124,81.967
852.91,C,-47.964,80.328
852.93,C,-48.603,83.607
852.949,C,-49.456,81.967
852.969,C,-47.394,78.689
852.988,C,-47.869,73.77
853.008,C,-47.148,73.77
853.027,C,-47.613,72.131
853.047,C,-47.642,72.131
853.066,C,-47.743,72.131
853.086,C,-45.872,77.049
853.105,C,-43.25,75.41
853.125,C,-42.025,90.164
853.145,C,-41.675,91.803
853.164,C,-45.46,80.328
853.184,C,-47.118,77.049
853.203,C,-49.381,75.41
853.223,C,-47.906,77.049
853.242,C,-47.952,81.967
853.262,C,-50.479,73.77
853.281,C,-49.733,75.41
853.301,C,-50.508,70.492
853.32,C,-53.037,67.213
853.34,C,-53.299,62.295
853.359,C,-53.123,73.77
853.379,C,-55.126,70.492
853.398,C,-55.814,57.377
853.418,C,-55.43,59.016
853.438,C,-55.258,59.016
853.457,C,-55.767,63.934
853.477,C,-56.749,57.377
853.496,C,-58.406,54.098
853.516,C,-58.318,54.098
853.535,C,-59.182,55.738
853.555,C,-58.344,50.82
853.574,C,-59.196,52.459
853.594,C,-59.822,52.459
853.613,C,-60.421,49.18
853.633,C,-60.978,49.18
853.652,C,-60.041,49.18
853.672,C,-60.713,47.541
853.691,C,-60.171,49.18
853.711,C,-63.697,47.541
853.73,C,-62.171,47.541
853.75,C,-62.122,47.541
853.77,C,-60.666,49.18
853.789,C,-60.242,49.18
853.809,C,-61.417,47.541
853.828,C,-60.92,45.902
853.848,C,-61.465,47.541
853.867,C,-61.225,47.541
853.887,C,-61.311,45.902
853.906,C,-62.269,45.902
853.926,C,-61.209,44.262
853.945,C,-65.171,40.984
853.965,C,-64.823,44.262
853.984,C,-62.778,40.984
854.004,C,-61.891,44.262
854.023,C,-61.465,40.984
854.043,C,-63.052,40.984
854.062,C,-63.553,39.344
854.082,C,-62.834,36.066
854.102,C,-62.322,37.705
854.121,C,-61.852,40.984
854.141,C,-62.358,42.623
854.16,C,-63.12,42.623
854.18,C,-63.925,39.344
854.199,C,-63.328,40.984
854.219,C,-62.829,40.984
854.238,C,-63.231,42.623
854.258,C,-62.974,39.344
854.277,C,-62.964,40.984
854.297,C,-63.58,40.984
854.316,C,-63.19,40.984
854.336,C,-65.074,34.426
854.355,C,-63.654,34.426
854.375,C,-63.667,36.066
854.395,C,-63.358,31.148
854.414,C,-66.521,31.148
854.434,C,-65.138,32.787
854.453,C,-63.992,34.426
854.473,C,-64.436,29.508
854.492,C,-64.526,34.426
854.512,C,-64.791,34.426
854.531,C,-64.541,32.787
854.551,C,-64.584,32.787
854.57,C,-64.889,36.066
854.59,C,-65.959,29.508
854.609,C,-68.512,32.787
854.629,C,-67.896,36.066
854.648,C,-66.697,34.426
854.668,C,-65.635,32.787
854.688,C,-65.668,32.787
854.707,C,-65.846,34.426
854.727,C,-66.275,31.148
854.746,C,-65.316,32.787
854.766,C,-64.25,31.148
854.785,C,-64.529,32.787
854.805,C,-64.156,31.148
854.824,C,-66.538,32.787
854.844,C,-66.76,32.787
854.863,C,-67.473,32.787
854.883,C,-66.112,32.787
854.902,C,-66.207,34.426
854.922,C,-66.095,32.787
854.941,C,-67.201,32.787
854.961,C,-66.492,34.426
854.98,C,-66.169,36.066
855.0,D,-66.622,34.426
855.02,D,-65.705,29.508
855.039,D,-65.884,34.426
855.059,D,-65.904,32.787
855.078,D,-65.839,34.426
855.098,D,-65.781,31.148
855.117,D,-65.683,31.148
855.137,D,-66.42,31.148
855.156,D,-65.58,29.508
855.176,D,-65.481,29.508
855.195,D,-66.138,27.869
855.215,D,-65.266,29.508
855.234,D,-65.517,29.508
855.254,D,-67.295,27.869
855.273,D,-66.746,27.869
855.293,D,-66.784,27.869
855.312,D,-66.081,29.508
855.332,D,-66.438,29.508
855.352,D,-66.377,27.869
855.371,D,-67.19,24.59
855.391,D,-68.054,27.869
855.41,D,-66.63,26.23
855.43,D,-66.277,26.23
855.449,D,-67.022,24.59
855.469,D,-67.067,24.59
855.488,D,-68.055,26.23
855.508,D,-67.69,24.59
855.527,D,-67.324,22.951
855.547,D,-67.885,21.311
855.566,D,-66.914,24.59
855.586,D,-67.865,26.23
855.605,D,-68.74,22.951
855.625,D,-67.803,24.59
855.645,D,-68.926,22.951
855.664,D,-68.438,27.869
855.684,D,-67.828,26.23
855.703,D,-68.208,26.23
855.723,D,-68.669,26.23
855.742,D,-67.348,27.869
855.762,D,-67.243,26.23
855.781,D,-66.591,27.869
855.801,D,-66.817,22.951
855.82,D,-67.47,29.508
855.84,D,-68.36,29.508
855.859,D,-67.313,29.508
855.879,D,-66.727,24.59
855.898,D,-68.225,22.951
855.918,D,-69.711,26.23
855.938,D,-70.234,26.23
855.957,D,-68.147,27.869
855.977,D,-67.153,27.869
855.996,D,-66.456,27.869
856.016,D,-67.402,26.23
856.035,D,-67.966,27.869
856.055,D,-67.761,26.23
856.074,D,-66.956,26.23
856.094,D,-66.758,24.59
856.113,D,-67.193,24.59
856.133,D,-67.18,26.23
856.152,D,-67.91,24.59
856.172,D,-68.902,26.23
856.191,D,-68.087,26.23
856.211,D,-67.483,27.869
856.23,D,-68.588,29.508
856.25,D,-68.345,26.23
856.27,D,-66.68,26.23
856.289,D,-68.135,29.508
856.309,D,-67.127,27.869
856.328,D,-67.909,27.869
856.348,D,-68.962,27.869
856.367,D,-69.187,29.508
856.387,D,-67.274,26.23
856.406,D,-68.212,21.311
856.426,D,-68.489,21.311
856.445,D,-68.485,24.59
856.465,D,-67.14,24.59
856.484,D,-67.801,21.311
856.504,D,-67.386,19.672
856.523,D,-68.468,22.951
856.543,D,-69.046,22.951
856.562,D,-69.544,18.033
856.582,D,-69.195,19.672
856.602,D,-68.447,19.672
856.621,D,-67.898,22.951
856.641,D,-68.2,22.951
856.66,D,-68.049,22.951
856.68,D,-68.399,22.951
856.699,D,-68.36,22.951
856.719,D,-67.766,24.59
856.738,D,-66.94,24.59
856.758,D,-67.052,26.23
856.777,D,-68.3,24.59
856.797,D,-68.221,19.672
856.816,D,-68.017,22.951
856.836,D,-69.141,22.951
856.855,D,-70.087,21.311
856.875,D,-69.589,24.59
856.895,D,-70.067,22.951
856.914,D,-70.307,24.59
856.934,D,-70.108,24.59
856.953,D,-70.89,27.869
856.973,D,-70.092,29.508
856.992,D,-70.217,24.59
857.012,D,-68.977,24.59
857.031,D,-70.831,24.59
857.051,D,-69.242,27.869
857.07,D,-69.329,24.59
857.09,D,-68.582,18.033
857.109,D,-68.028,18.033
857.129,D,-69.092,22.951
857.148,D,-67.846,22.951
857.168,D,-67.741,18.033
857.188,D,-67.813,18.033
857.207,D,-68.824,22.951
857.227,D,-69.545,22.951
857.246,D,-69.27,21.311
857.266,D,-69.651,21.311
857.285,D,-68.778,21.311
857.305,D,-68.033,19.672
857.324,D,-68.393,24.59
857.344,D,-68.071,21.311
857.363,D,-68.241,19.672
857.383,D,-68.009,18.033
857.402,D,-68.959,19.672
857.422,D,-67.007,22.951
857.441,D,-67.188,21.311
857.461,D,-69.306,19.672
857.48,D,-71.091,22.951
857.5,D,-68.957,22.951
857.52,D,-67.895,24.59
857.539,D,-68.768,24.59
857.559,D,-68.631,24.59
857.578,D,-68.737,26.23
857.598,D,-68.979,26.23
857.617,D,-69.775,24.59
857.637,D,-69.045,24.59
857.656,D,-69.445,29.508
857.676,D,-69.253,29.508
857.695,D,-68.944,24.59
857.715,D,-69.05,21.311
857.734,D,-68.936,22.951
857.754,D,-69.236,26.23
857.773,D,-69.009,21.311
857.793,D,-69.411,19.672
857.812,D,-70.193,22.951
857.832,D,-68.399,22.951
857.852,D,-67.67,22.951
857.871,D,-69.269,22.951
857.891,D,-70.724,24.59
857.91,D,-68.713,26.23
857.93,D,-67.676,24.59
857.949,D,-67.984,22.951
857.969,D,-69.681,22.951
857.988,D,-71.275,21.311
858.008,D,-70.821,22.951
858.027,D,-69.084,19.672
858.047,D,-70.018,21.311
858.066,D,-70.075,19.672
858.086,D,-70.279,19.672
858.105,D,-69.51,22.951
858.125,D,-69.07,22.951
858.145,D,-69.431,21.311
858.164,D,-69.317,19.672
858.184,D,-70.049,21.311
858.203,D,-69.8,21.311
858.223,D,-70.431,22.951
858.242,D,-69.359,24.59
858.262,D,-70.469,24.59
858.281,D,-70.637,24.59
858.301,D,-69.883,22.951
858.32,D,-70.95,24.59
858.34,D,-70.094,22.951
858.359,D,-69.306,26.23
858.379,D,-70.001,21.311
858.398,D,-69.9,24.59
858.418,D,-70.296,26.23
858.438,D,-70.985,29.508
858.457,D,-68.79,27.869
858.477,D,-69.151,22.951
858.496,D,-70.493,22.951
858.516,D,-71.008,26.23
858.535,D,-71.094,27.869
858.555,D,-70.584,27.869
858.574,D,-68.948,24.59
858.594,D,-68.799,24.59
858.613,D,-69.089,27.869
858.633,D,-69.14,26.23
858.652,D,-69.114,26.23
858.672,D,-72.357,21.311
858.691,D,-72.396,21.311
858.711,D,-72.109,24.59
858.73,D,-69.691,24.59
858.75,D,-70.587,22.951
858.77,D,-72.263,21.311
858.789,D,-71.256,24.59
858.809,D,-69.483,24.59
858.828,D,-69.394,22.951
858.848,D,-70.998,22.951
858.867,D,-69.657,21.311
858.887,D,-68.927,26.23
858.906,D,-69.104,26.23
858.926,D,-71.093,24.59
858.945,D,-71.483,26.23
858.965,D,-70.686,31.148
858.984,D,-68.618,27.869
859.004,D,-69.035,29.508
859.023,D,-70.107,27.869
859.043,D,-70.957,26.23
859.062,D,-70.023,24.59
859.082,D,-68.943,22.951
859.102,D,-70.892,24.59
859.121,D,-71.496,24.59
859.141,D,-69.132,27.869
859.16,D,-69.128,22.951
859.18,D,-69.677,24.59
859.199,D,-70.413,26.23
859.219,D,-70.129,27.869
859.238,D,-69.056,27.869
859.258,D,-68.908,24.59
859.277,D,-70.005,24.59
859.297,D,-70.245,26.23
859.316,D,-69.987,27.869
859.336,D,-69.3,24.59
859.355,D,-68.972,21.311
859.375,D,-68.612,21.311
859.395,D,-68.954,19.672
859.414,D,-68.268,22.951
859.434,D,-70.352,24.59
859.453,D,-70.749,21.311
859.473,D,-70.941,21.311
859.492,D,-69.541,22.951
859.512,D,-70.147,26.23
859.531,D,-71.716,26.23
859.551,D,-70.244,26.23
859.57,D,-70.056,26.23
859.59,D,-70.035,26.23
859.609,D,-69.301,26.23
859.629,D,-68.737,27.869
859.648,D,-69.427,24.59
859.668,D,-71.329,27.869
859.688,D,-69.146,24.59
859.707,D,-69.2,26.23
859.727,D,-68.314,26.23
859.746,D,-67.531,26.23
859.766,D,-67.137,24.59
859.785,D,-66.734,26.23
859.805,D,-66.115,29.508
859.824,D,-65.318,32.787
859.844,D,-66.107,34.426
859.863,D,-65.875,32.787
859.883,D,-64.177,36.066
859.902,D,-63.934,39.344
859.922,D,-61.315,44.262
859.941,D,-60.258,40.984
859.961,D,-59.069,54.098
859.98,D,-58.241,57.377
